Français;Allemand;Leçon
allemand (langue);das Deutsch;1
apprendre;lernen;1
comprendre;verstehen;1
connaître;kennen;1
et;und;1
je;ich;1
oui;ja;1
peine;die Mühe;1
rien;nichts;1
sans;ohne (+ acc.);1
tu;du;1
beau (adj.);schön;2
ce;das;2
de (provenance);aus;2
elle;sie;2
être;sein;2
femme;die Frau;2
ici;hier;2
la (art. déf. f. sujet = nom.);die;2
nouveau;neu;2
où (origine);woher;2
professeure;die Lehrerin;2
qui (p. int. nom.);wer;2
russe (langue);das Russisch;2
Saint-Pétersbourg;Sankt Petersburg;2
venir;kommen;2
beaucoup;viel;3
dormir;schlafen;3
fatigué;müde;3
mais;aber;3
ou;oder;3
paresseux;faul;3
peu;wenig;3
peu (trop ~);zu wenig;3
travailler;arbeiten;3
trop;zu viel;3
chambre;das Zimmer;4
chambre à coucher;das Schlafzimmer;4
combien;wie viel;4
coûter;kosten;4
cuisine;die Küche;4
euro;der Euro;4
il/elle (sujet neutre);es;4
jardin;der Garten;4
la (art. déf. neutre sujet = nom.);das;4
le (art. déf. m. sujet = nom.);der;4
le (art. déf. neutre sujet = nom.);das;4
les (art. déf. pl. sujet = nom.);die;4
maison;das Haus;4
problème;das Problem;4
appeler (s’);heißen;5
bon (adj.);gut;5
comment;wie;5
dire;sagen;5
jour;der Tag;5
nous (p. pers. sujet = nom.);wir;5
nous (p. réciproque);uns;5
pas de;keine;5
pouvoir (v.);können;5
toujours;immer;5
tutoyer;duzen;5
vous (politesse – sujet);Sie;5
aller;gehen;6
aller (en avion);fliegen;6
aller (véhicule à roues);fahren;6
aujourd’hui;heute;6
bien (adv.);gut;6
ça;es;6
champignon;der Pilz;6
chance;das Glück;6
chanceux;der Glückspilz;6
conduire;fahren;6
congé;der Urlaub;6
en;in;6
mettre à jour (données);updaten;6
où (vers);wohin;6
partir;fahren / losfahren / weggehen;6
rouler (conduire);fahren;6
toi (à) (datif);dir;6
vacances;die Ferien / der Urlaub;6
vacances (partir en);in die Ferien fahren / in Urlaub fahren;6
veinard;der Glückspilz;6
vers / à (direction);nach;6
voler;fliegen;6
après (prép.);nach (+ dat.);8
avant (prép.);vor (+ acc./dat.);8
devant (prép.);vor;8
exactement;genau;8
famille;die Familie;8
inversé;umgekehrt;8
mon / ma / mes;mein / meine / mein;8
nom;der Name;8
nom de famille;der Familienname / der Nachname;8
prénom;der Vorname;8
sous;unter (+ dat./acc.);8
sur;auf (+ dat./acc.);8
sous;unter (+ dat./acc.);8
sur;auf (+ dat./acc.);8
ton / ta / tes;dein / deine;8
voyager;reisen;8
vraiment;wirklich;8
aller (y ~);los;9
arriver;kommen;9
aussi;auch;9
avoir;haben;9
avoir sur soi;dabeihaben;9
déjà;schon;9
enfin;endlich;9
faire;machen;9
il (tournure impersonnelle);es;9
là;da;9
que;was;9
qu’est-ce que;was;9
quoi;was;9
tôt;früh;9
tout;alles;9
tout de suite;sofort / gleich;9
très;sehr / ganz;9
vous (tutoiement plusieurs personnes – sujet);ihr;9
à;in (+ acc. ou dat.);10
Constance (ville);Konstanz;10
cuisinier;der Koch;10
entrer;hereinkommen;10
fifre;der Pfeiffer;10
habiter;wohnen;10
indiscret;indiskret;10
meunier;der Müller;10
où (lieu);wo;10
pêcheur;der Fischer;10
place;der Platz;10
prendre;nehmen;10
question;die Frage;10
Rhin;der Rhein;10
route;die Straße;10
rue;die Straße;10
sortir;"hinaus/gehen ; aus/gehen";10
sortir;hinausgehen / ausgehen;10
une;eine;10
vieux;alt;10
votre / vos (vouvoiement);Ihr;10
âge;alt;11
alors;also;11
commencer;anfangen;11
elles;sie;11
frère;der Bruder;11
homme (personne);der Mensch;11
ils;sie;11
jeune;jung;11
maintenant;jetzt;11
non;nein;11
peu (un ~);"etwas ; ein bisschen";11
raison (avoir ~);recht haben;11
rester;bleiben;11
sept;sieben;11
six;sechs;11
sœur;die Schwester;11
souvent;oft;11
souvent;oft;11
tous / toutes;alle;11
zen;cool;11
bien;ja;12
bon (pas ~);nicht gut;12
bon (très ~);sehr gut;12
bon (être ~);gut schmecken;12
cuisiner;kochen;12
donc;denn;12
fois (une ~);einmal;12
goût (avoir le ~);schmecken;12
goûter;probieren;12
il;er;12
manger;essen;12
mari;der Mann;12
médecin;der Arzt;12
on;man;12
quel/le (excl.);was für ein/e;12
repas;"das Essen ; die Mahlzeit";12
un;ein;12
un;ein;12
à;zu (+ inf.);13
au;zu dem (= zum);13
avec;mit (+ dat.);13
beurre;die Butter;13
boire;trinken;13
café (boisson);der Kaffee;13
charcuterie;die Wurst;13
fromage;der Käse;13
fruit;die Frucht;13
fruits;das Obst;13
lever (se ~);aufstehen;13
matin;der Morgen;13
monde (tout le ~);alle;13
morceau;das Stück;13
ne… pas;nicht;13
œuf;das Ei;13
œuf à la coque;das Frühstücksei;13
oublier;vergessen;13
pain;das Brot;13
petit pain;das Brötchen;13
petit-déjeuner;das Frühstück;13
petit-déjeuner (au ~);zum Frühstück;13
thé;der Tee;13
voir;sehen;13
apporter;bringen;15
assiette;der Teller;15
cassé;kaputt;15
casser;kaputt machen;15
clé;der Schlüssel;15
clé de la maison;der Hausschlüssel;15
débris;die Scherben;15
désordre;die Unordnung;15
fumier;der Mist;15
heureux;glücklich;15
juste (être ~);stimmen;15
laisser;lassen;15
malchance;das Unglück;15
malheureux;unglücklich;15
miracle;das Wunder;15
nous (p. pers. acc.);uns;15
ordre;die Ordnung;15
papiers;die Papiere;15
papiers (voiture);die Autopapiere;15
pièce;das Zimmer;15
ranger;auf/räumen;15
salon;das Wohnzimmer;15
serrure;das Schloss;15
table;der Tisch;15
toi (équivalent tonique);du;15
trouver;finden;15
vacarme;das Poltern;15
vacarme (faire du);poltern;15
verre;das Glas;15
voiture;das Auto / der Wagen;15
à;nach;16
bêtise;der Quatsch;16
certain;sicher;16
chemin;der Weg;16
demander;fragen;16
devoir;müssen;16
droit (tout ~);geradeaus;16
droite;rechts;16
gauche;links;16
monsieur;der Herr;16
pourquoi;"warum ; wieso";16
quand même;doch;16
sûr;sicher;16
sûr;sicher;16
appeler (téléphoner);anrufen;17
entendre;hören;17
être (numéro, adresse);lauten;17
la (p. pers. acc.);es;17
la (p. pers. f. acc.);sie;17
le (p. pers. acc.);es;17
le (p. pers. m. acc.);ihn;17
les (p. pers. pl. acc.);sie;17
mal;schlecht;17
malheureusement;leider;17
me (p. pers. acc.);mich;17
mieux;besser;17
numéro;die Nummer;17
numéro de portable;die Handynummer;17
numéro de téléphone;die Telefonnummer;17
parler;sprechen / reden;17
portable (téléphone);das Handy;17
qui (p. int. acc.);wen;17
téléphone;das Telefon;17
téléphoner;anrufen;17
vouloir;mögen / wollen;17
vous (tutoiement pluriel – acc.);euch;17
vous (politesse – acc.);Sie;17
année;die Jahr;18
autant (de);so viel;18
autour;um (+ acc.);18
cerise;die Kirsche;18
contre;gegen;18
donner;geben;18
droit (avoir le ~);dürfen;18
kilo;das Kilo;18
(à) moi (p. pers. dat.);mir;18
orange;die Orange;18
par;durch / von;18
poire;die Birne;18
pomme;der Apfel;18
pour;für (+ acc.);18
résolution;der Vorsatz;18
sain;gesund;18
sainement;gesund;18
travers (à);durch;18
zéro;null;18
à;um;19
bonhomme;das Männchen;19
bonhomme;das Männlein;19
compter;zählen;19
demain;morgen;19
demi;halb;19
demi (heure);halb;19
demi-heure;die halbe Stunde;19
demoiselle;das Fräulein;19
donc;doch;19
essayer;versuchen;19
fille;das Mädchen;19
heure (60 minutes);die Stunde;19
heure(s);Uhr;19
heure (quelle ~);wie spät;19
heure (quelle ~);wie viel Uhr;19
homme (monsieur);der Mann;19
il est (+ heure);es ist;19
mouton;das Schaf;19
mouton (petit);das Schäfchen;19
nuit;die Nacht;19
soir;der Abend;19
tard;spät;19
à;zu + dem (= zum);20
ami;der Freund;20
dans;in;20
de (+ inf. subst.);zu + dem (= zum);20
désolé (être);leid tun;20
dimanche;der Sonntag;20
envie;die Lust;20
faire;tun;20
inviter;einladen;20
jeudi;der Donnerstag;20
lundi;der Montag;20
mardi;der Dienstag;20
mercredi;der Mittwoch;20
ne… plus (de);keine… mehr;20
parents;die Eltern;20
pour (+ inf. subst.);zu + dem (= zum);20
prochain;nächste;20
professeur;der Lehrer;20
quand;"wann ; wenn ; als";20
rencontrer;treffen;20
samedi;der Samstag;20
semaine;die Woche;20
toi (à);dir;20
vendredi;der Freitag;20
après (heure);nach;22
ascenseur;der Aufzug;22
attendre;warten;22
attendre qn;warten auf;22
autre;andere;22
besoin (avoir ~ de);brauchen;22
devoir;sollen;22
ensuite;danach;22
entrée;der Eingang;22
environ;ungefähr;22
moins (heure);vor;22
parfait;perfekt;22
passer prendre;abholen;22
quart;das Viertel;22
sortie;der Ausgang;22
sortie;der Ausgang;22
un et demi;anderthalb / eineinhalb;22
anglais (langue);das Englisch;23
auto;das Auto;23
avant tout;bevor;23
décharger;ausladen;23
drôle;witzig;23
écrit (être);stehen;23
espagnol (langue);das Spanisch;23
français (langue);das Französisch;23
fumer;rauchen;23
ici (rapprochement);hierher;23
interdit;verboten;23
jusque;bis;23
lire;lesen;23
nager;schwimmen;23
plein (voitures);vollgeparkt;23
plein (adj. qual.);voll;23
police;die Polizei;23
porter;tragen;23
que (seulement);nur;23
savoir (v.);"können ; wissen";23
seulement;nur;23
valise;der Koffer;23
vite;schnell / kurz;23
anniversaire;der Geburtstag;24
août;der August;24
avril;der April;24
certainement;bestimmt;24
chaud;warm;24
cher;teuer;24
comme ça;so;24
décembre;der Dezember;24
devenir;werden;24
fait (au ~);eigentlich;24
féliciter;gratulieren;24
février;der Februar;24
froid;kalt;24
janvier;der Januar;24
juillet;der Juli;24
juin;der Juni;24
le (date);am (date);24
longtemps;lange;24
mai ; der Mai ;24
mars;der März;24
naissance;die Geburt;24
novembre;der November;24
octobre;der Oktober;24
plus (ne ~);nicht mehr;24
quelque chose;etwas;24
quelque chose comme ça;so etwas;24
septembre;der September;24
venir avec qqn;mitkommen;24
absurdité;der Unsinn;25
aide;die Hilfe;25
allemand (adj.);deutsch;25
autoroute;die Autobahn;25
content (être ~);sich freuen;25
feu;das Feuer;25
haut;hoch;25
kilomètre;der Kilometer;25
kilomètre par heure;Stundenkilometer;25
le (art. déf. neutre dat.);dem;25
lentement;langsam;25
main;die Hand;25
panneau;das Schild;25
payer;zahlen;25
réjouir (se ~);sich freuen;25
tenir;halten;25
voie;die Bahn;25
à;zu;26
aider;helfen;26
avion;der Flieger;26
œil;das Auge;26
passeport;der Pass / der Reisepass;26
plus;mehr;26
que (+ cp. sup.);als;26
rater (vol, train, film…);verpassen;26
soudain;plötzlich;26
soudain;plötzlich;26
tout de même;doch;26
voyage;die Reise;26
vrai;wahr;26
bizarre;komisch;27
comme;wie;27
comme c’est…;wie + adj. qual.;27
dernier;letzte;27
dommage;schade;27
eau;das Wasser;27
fin (n.);das Ende;27
fini (être);zu Ende sein;27
magnifique ; herrlich ;27
moment;der Moment / die Zeit;27
penser à;denken an;27
que (conj. sub.);dass;27
que c’est… (excl.);wie + adj. qual.;27
rêve;der Traum;27
savourer;genießen;27
si (tellement);so;27
simple;einfach;27
simplement;einfach;27
tellement;so;27
temps (durée);die Zeit;27
âge;das Alter;29
chercher;suchen;29
fille (vs fils);die Tochter;29
fils;der Sohn;29
grossir;zunehmen;29
long;lang;29
madame ; Frau ;29
maigrir ; abnehmen ;29
marier (se);heiraten;29
notre/nos;unser / unsere;29
occasion;die Gelegenheit;29
quel (adj. int.);welch-;29
robe;das Kleid;29
son;sein / ihr;29
vous (politesse – dat.);Ihnen;29
aimable;freundlich;30
aise (à l’);wohl;30
après-demain;übermorgen;30
avoir l’air;aussehen;30
bien;wohl;30
chaleureux;herzlich;30
colocation;die Wohngemeinschaft;30
communauté;die Gemeinschaft;30
cours (étude);der Unterricht;30
dame;die Dame;30
depuis;seit;30
hier;gestern;30
honoré;geehrt;30
premier;erste;30
salutation;der Gruß;30
sympa;nett;30
sympathique;sympathisch;30
sympa;nett;30
sympathique;sympathisch;30
sympa;nett;30
sympathique;sympathisch;30
violon;die Geige;30
violon (cours de);der Geigenunterricht;30
votre / vos;eu / re;30
vous (tutoiement – dat.);euch;30
cour;der Hof;31
difficile;schwer;31
employer;benutzen;31
enfant;das Kind;31
exemple;das Beispiel;31
exemple (par ~);zum Beispiel;31
gare;der Bahnhof;31
livre;das Buch;31
mère;die Mutter;31
père;der Vater;31
personne (individu);die Person;31
plusieurs;mehrere;31
regarder;schauen;31
seul;allein;31
si (condition);wenn;31
soit… soit…;entweder… oder…;31
stylo;der Stift;31
stylo;der Stift;31
train;die Bahn / der Zug;31
vouvoyer;siezen;31
communiqué;der Bericht;32
de;von;32
de… à…;von… bis;32
été;der Sommer;32
exagérer;übertreiben;32
fois;das Mal;32
fort (adj.);stark;32
humide (temps);nass;32
jusqu’à;bis / bis zu;32
juste (au ~);eigentlich;32
météo (bulletin ~);der Wetterbericht;32
mouillé;nass;32
part (de la ~);von;32
pluie;der Regen;32
pluie (chute de ~);der Regenfall;32
poisse;das Pech;32
poisse (avoir la ~);Pech haben;32
temps (météo);das Wetter;32
acheter;kaufen;33
bière;das Bier;33
championnat;die Meisterschaft;33
championnat d’Europe;die Europameisterschaft;33
championnat du monde;die Weltmeisterschaft;33
commencer;beginnen;33
dépêcher (se ~);sich beeilen;33
durer;dauern;33
Europe;Europa;33
idée;die Idee;33
maman;die Mama / die Mami;33
minute;die Minute;33
monde;die Welt;33
papa;der Papa / der Papi;33
peur;die Angst;33
se (p. réciproque acc.);sich;33
bronzé;braun;34
bronzer;braun werden;34
changer (travail, argent);wechseln;34
Corse;Korsika;34
gagner;gewinnen;34
hôtel;das Hotel;34
job;der Job;34
loterie;die Lotterie;34
marron;braun;34
même;sogar;34
plage;der Strand;34
plage privée;der Privatstrand;34
privé;privat;34
réserver;"buchen ; reservieren";34
salaire;das Gehalt;34
soleil;die Sonne;34
bikini;der Bikini;36
chantilly;die Sahne;36
chocolat;die Schokolade;36
dessert;der Nachtisch;36
encore (une fois);schon wieder;36
gâteau;der Kuchen;36
gâteau au chocolat;der Schokoladenkuchen;36
gâteau aux fruits;der Obstkuchen;36
langues (livre de ~);das Sprachbuch;36
nouveau (de ~);wieder;36
quel genre de;was für ein/e;36
régime;die Diät;36
tarte;die Torte;36
volontiers;gern;36
amoureux (tomber ~ de);sich verlieben in;37
au-dessus de;über;37
autour de;um (+ acc.);37
chez;zu (+ dat.);37
chez (loc.);bei (+ dat.);37
cours (au ~ de);auf;37
ensemble;zusammen;37
esquimau;der Eskimo;37
étranger (pays);das Ausland;37
expliquer;erklären;37
globe-trotteuse;die Globetrotterin;37
né (être ~);geboren sein;37
nous (p. pers. dat.);uns;37
nuage;die Wolke;37
patrie;die Heimat;37
pays;das Land;37
recevoir;"bekommen ; erhalten";37
sur (localisation);an (+ dat./acc.);37
sur (sujet);über (+ acc.);37
sur (localisation);an (+ dat./acc.);37
sur (sujet);über (+ acc.);37
aller (bien);jm gut stehen;38
amie;die Freundin;38
bleu;blau;38
cool;cool;38
court;kurz;38
discuter;streiten;38
goût;der Geschmack;38
jaune;gelb;38
me (p. pers. dat.);mir;38
mode (à la ~);modisch;38
penser;meinen;38
plaire;"gefallen ; Spaß machen";38
pull;der Pulli;38
rouge (adj. qual.);rot;38
vieux jeu;altmodisch;38
achat;der Kauf;39
blanc;das Weiß;39
derrière;hinten;39
devant;vorne;39
enchères;die Auktion;39
fois (deux ~) enchères;zum Zweiten;39
fois (une ~) enchères;zum Ersten;39
là-bas;dort;39
libre;frei;39
lit;das Bett;39
noir;das Schwarz;39
proposer;"bieten ; vor/schlagen";39
revenir;"zurück/kommen ; wieder/kommen";39
vendu;verkauft;39
après (prép.);nach;40
bientôt;bald;40
combien (le ~) date;der Wievielte;40
école;die Schule;40
encore;noch;40
endroit;der Ort;40
État fédéral;das Bundesland;40
idée (n’avoir aucune ~);keine Ahnung haben;40
meilleur(e) (le/la ~);der, die, das beste;40
passer (temps);vergehen;40
pressentiment;die Ahnung;40
savoir (ne pas ~);keine Ahnung haben;40
suivre;folgen;40
suivre;folgen;40
bon (être ~);schmecken;41
de (causal);vor;41
faim;der Hunger;41
fermé (être);zuhaben;41
hamburger;der Burger;41
indien;indisch;41
italien;italienisch;41
livraison;der Lieferservice;41
livrer;liefern;41
mois;der Monat;41
mourir;sterben;41
mourir de faim;vor Hunger sterben;41
ouvert (être ~);aufhaben;41
pizza;die Pizza;41
pratique;praktisch;41
proposition;der Vorschlag;41
reconnaître;zu/geben;41
restauration rapide;das Fast Food;41
service;der Service;41
soif;der Durst;41
accueillir;empfangen;43
après-midi;der Nachmittag;43
Berlinois;der Berliner;43
Berlin-Ouest;Westberlin;43
Berlin-Ouest (habitant);der Westberliner;43
chute;der Fall;43
chute du mur de Berlin;der Mauerfall;43
croire;glauben;43
embrasser;sich umarmen;43
époque (à l’);damals;43
fêter;feiern;43
gens;die Menschen;43
heureux (très);überglücklich;43
honte;die Schande;43
matinée;der Vormittag;43
midi;der Mittag;43
mousseux;der Sekt;43
mur (extérieur);die Mauer;43
ouest;der Westen;43
parti;weg;43
peuple;das Volk;43
soirée;der Abend;43
sud;der Süden;43
sud;der Süden;43
tombé (mur);weg;43
tous les;alle;43
avant;früher;44
avis;die Meinung;44
bon (plat);lecker;44
changer;sich ändern;44
faire (pâtisserie);backen;44
faute (culpabilité);die Schuld;44
feignant;faul;44
jeune (personne);der Jugendliche;44
jeunesse;die Jugend;44
offrir;anbieten;44
ordinateur;der Computer;44
petite-fille;die Enkelin;44
qui (à ~) (p. int. dat.);wem;44
tout;alles;44
ce/cette/ces;dieser/diese/dieses;45
changer;sich verändern;45
danser;tanzen;45
démissionner;kündigen;45
fonder;gründen;45
grand;groß;45
il y a (préposition temps);vor;45
japonais;japanisch;45
raconter;erzählen;45
ravissant;hübsch;45
Rome;Rom;45
tard (plus ~);später;45
tout aussi;(genau) so;45
vie;das Leben;45
altitude;wie hoch;46
argent;das Geld;46
chanter;singen;46
combien de;wie viel;46
dépendre de;ankommen auf;46
encore (une fois);noch;46
géographie;die Erdkunde;46
juste;richtig;46
longueur;wie lang;46
mètre;der Meter;46
Nil (le ~);der Nil;46
quiz;das Quiz;46
réponse;die Antwort;46
seconde;die Sekunde;46
série;die Reihe;46
sorte;die Art;46
supérieur;höher;46
sorte;die Art;46
supérieur;höher;46
tester;testen;46
tour (jeu, endroit);die Runde;46
autrement;anders;47
chef;der Chef;47
continuer;weitergehen;47
écouter;zuhören;47
éteindre;ausmachen;47
lui (à elle);ihr;47
lui (à lui);ihm;47
ponctualité;die Pünktlichkeit;47
quart d’heure;die Viertelstunde;47
quelqu’un;jemand;47
quelqu’un d’autre;jemand anders;47
rendez-vous;der Termin;47
semblable;ähnlich;47
séparé;getrennt;47
belle (la plus ~);die Schönste;48
Blanche-Neige;Schneewittchen;48
celui-ci;dieser;48
conte;das Märchen;48
content;zufrieden;48
grandir;wachsen;48
mamie;die Oma / die Omi;48
même(s) (en personne);selbst;48
miroir;der Spiegel;48
miroir (diminutif);das Spieglein;48
mur (intérieur);die Wand;48
papy;der Opa / der Opi;48
reine;die Königin;48
répondre;antworten;48
vérité;die Wahrheit;48
cause (à ~ de);wegen;49
hauteur;wie hoch;49
pendant;während;49
afin de;um ... zu;50
bien (faire du ~);gut tun;50
clapet;die Klappe;50
contact;der Umgang;50
débloquer;spinnen;50
effet (en ~);nämlich;50
énerver;nerven;50
enseigner;beibringen;50
être (adresse, tel);lauten;50
expression;der Ausdruck;50
fréquentations;der Umgang;50
intituler (s’);lauten;50
jurer;fluchen / schwören;50
langage familier;die Umgangssprache;50
langage parlé;die Umgangssprache;50
langue;die Sprache;50
leçon;die Lektion;50
mal faire;weh tun;50
mot;das Wort;50
nerf;der Nerv;50
nez;die Nase;50
ni… ni…;weder… noch…;50
oui et non;jein;50
partie;der Teil;50
peine (faire de la ~);leid/tun;50
pester;fluchen;50
peu (un ~ de);etwas;50
pièce (élément);das Teil;50
pleuvoir;regnen;50
pour (+ inf.);um … zu;50
progrès;der Fortschritt;50
quel/le/s que soit/soient le/la/les;egal in welch-;50
souffler;pusten;50
souffler;pusten;50
assurance;die Versicherung;51
autorisation;die Genehmigung;51
centre-ville;die Innenstadt;51
Constance (habitant);der Konstanzer;51
contrat;der Vertrag;51
contrat d’assurance vie;der Lebensversicherungsvertrag;51
début;der Anfang;51
discipline;die Disziplin;51
fiabilité;die Zuverlässigkeit;51
gens;die Leute;51
intéressant;interessant;51
interroger;befragen;51
marché;der Markt;51
Munich;München;51
obstination;die Sturheit;51
parole;das Wort;51
permis de séjour;die Aufenthaltsgenehmigung;51
place du marché;der Marktplatz;51
prononcer;aus/sprechen;51
propreté;die Sauberkeit;51
séjour;der Aufenthalt;51
suisse (adj.);schweizerisch;51
Suisse (pays);die Schweiz;51
suisse (adj.);schweizerisch;51
Suisse (pays);die Schweiz;51
trouver (se);sich befinden;51
typique(ment);typisch;51
vin;der Wein;51
arbre;der Baum;52
arrière-petite-fille;die Urenkelin;52
arrière-petit-fils;der Urenkel;52
arrière-petits-enfants;das Urenkelkind;52
asseoir (s’);sich setzen;52
assis (être);sitzen;52
cerisier;der Kirschbaum;52
chaussette;der Strumpf;52
cœur;das Herz;52
côté (à ~ de);neben;52
entre;zwischen;52
être (droit/debout);stehen;52
joie;die Freude;52
mettre (se ~) (droit/debout);sich stellen;52
paire;das Paar;52
particulier;besondere;52
particulier (adv.);besonders;52
petit (n.);der/die/das Kleine;52
petit-fils;der Enkel;52
petits-enfants;das Enkelkind;52
photo;"das Foto ; das Bild";52
posé (être ~) (droit / debout);stehen;52
quelques;"ein paar ; einige";52
réuni (adv.);beisammen;52
trinquer;anstoßen;52
accroché (être);hängen;53
agréable;angenehm;53
aimer;lieben;53
bref;kurzum;53
briller;scheinen;53
couleur;die Farbe;53
fait (au ~);übrigens;53
fleur;die Blume;53
fois (première ~);zum ersten Mal;53
magnifique ; wunderschön ;53
mieux (le/de ~);am besten;53
paraître;scheinen;53
personne (p. ind.);niemand;53
photographe;der Fotograf;53
poisson;der Fisch;53
presque;fast;53
sembler;scheinen;53
souris;die Maus;53
souris;die Maus;53
vernissage;die Vernissage;53
aimer (+ v. inf.);gern;54
Allemagne;Deutschland;54
allemand (non-~);der Nichtdeutsche;54
Américain;der Amerikaner;54
attirer;anlocken;54
bière (fête de la ~);das Oktoberfest;54
blonde (bière);ein Helles;54
brasserie;das Brauhaus;54
Britannique;der Brite;54
brune (bière);ein Dunkles;54
chaque;jeder/jede/jedes;54
commander;bestellen;54
différent;verschieden;54
fête;das Fest;54
finir;enden;54
Français;der Franzose;54
Japonais;der Japaner;54
panaché;der Radler;54
prairie;die Wiese;54
préférer (+ v. inf.);v. inf. + lieber;54
touriste;der Tourist;54
variété;die Vielfalt;54
à;an (acc. ou dat.);55
allongé (être);liegen;55
appartenir à;gehören;55
bondé;überfüllt;55
bord (au ~ de);an;55
bouché;verstopft;55
but;das Ziel;55
chérie;der Liebling;55
couché (être ~);liegen;55
destination;das Ziel;55
directement;direkt;55
Internet;das Internet;55
louer (donner en location);vermieten;55
louer (prendre en location);mieten;55
maison (dir.);nach Hause;55
maison (loc.);zu Hause;55
maison de vacances;das Ferienhaus;55
objectif;das Ziel;55
ouvert;offen;55
partie (faire ~ de);gehören zu;55
pas encore;noch nicht;55
passer (vacances);verbringen;55
porte;die Tür;55
posé (être ~) (à plat / à l’horizontale);liegen;55
région;die Gegend;55
salle de bains;das Bad;55
sous-sol;der Keller;55
sous-sol;der Keller;55
télécharger;herunterladen;55
télévision;das Fernsehen;55
voir (à);sehenswert;55
derrière;hinter;56
appétit;der Appetit;57
après (adv.);nachher;57
boisson;das Getränk;57
bouche;der Mund;57
café (établissement);das Kaffeehaus;57
car;denn;57
chat;die Katze;57
chien;der Hund;57
connu;bekannt;57
cou;der Hals;57
courir;laufen;57
désirer;wünschen;57
emmener;ausführen;57
ensuite;nachher;57
escalope;das Schnitzel;57
fois (deux ~);zweimal;57
grenouille;der Frosch;57
loup;der Wolf;57
moins (du ~);zumindest;57
original;original;57
ours;der Bär;57
plaisir;das Vergnügen;57
pommes frites;die Pommes Frites;57
Sachertorte;die Sachertorte;57
serveur;der Kellner;57
servir;bedienen;57
souhait;der Wunsch;57
souhaiter;wünschen;57
souhait;der Wunsch;57
souhaiter;wünschen;57
tasse;die Tasse;57
traditionnel;traditionell;57
viennois;Wiener;57
vin rouge;der Rotwein;57
vivre;leben;57
aimer;mögen;58
apparition;die Erscheinung;58
coiffure;die Frisur;58
dent;der Zahn;58
dos;der Rücken;58
dos (mal au ~);die Rückenschmerzen;58
douleur;der Schmerz;58
espérer;hoffen;58
fantastique;fantastisch;58
flatteur;schmeichelhaft;58
gris;das Grau;58
mal (avoir ~);Schmerzen haben;58
manteau;der Mantel;58
même chose;das Gleiche;58
nécessaire;notwendig / nötig;58
oreille;das Ohr;58
parce que;weil;58
tête;der Kopf;58
ventre;der Bauch;58
bien sûr;natürlich;59
déborder;überkochen;59
dépasser;überholen;59
doubler (véhicule);überholen;59
épeler;buchstabieren;59
étonner;überraschen;59
hasard;der Zufall;59
lettre (de l’alphabet);der Buchstabe;59
majuscule;großes A, B…;59
minuscule (a, b...);kleines (a, b...);59
pensée (idée);der Gedanke;59
réfléchir;"überlegen ; nach/denken";59
réservation;die Reservierung;59
réserver une table;die Tischreservierung;59
surprendre;überraschen;59
surprendre;überraschen;59
surprendre;überraschen;59
traduire;übersetzen;59
aéroport;der Flughafen;60
arrêter (s’);anhalten;60
bébé;das Baby;60
chéri;der Schatz;60
côté;die Seite;60
croisement;die Kreuzung;60
demander (chemin, heure);fragen;60
énervement;die Aufregung;60
examen;das Examen;60
félicitation;die Glückwünsche;60
feu tricolore;die Ampel;60
garçon;der Junge;60
heure (horaires);die Uhrzeit;60
hôpital;das Krankenhaus;60
malade (n.);der Kranke;60
marcher (vite);laufen;60
perdre (se ~);sich verlaufen;60
policier;der Polizist;60
port (bateau);der Hafen;60
soigner;pflegen;60
taxi;das Taxi;60
tourner (à droite / gauche);rechts / links abbiegen;60
trésor;der Schatz;60
tromper de chemin (se);sich verlaufen;60
tromper de route (se);sich verfahren;60
vol (avion);der Flug;60
amour;die Liebe;61
apparemment;anscheinend;61
architecte;der Architekt;61
bois;das Holz;61
casser;knacken;61
charmant;charmant;61
connaître (faire connaissance);kennenlernen;61
craquer;knacken;61
fête;die Fete;61
jackpot;der Jackpot;61
noisette;die Haselnuss;61
noix;die Walnuss;61
panorama;das Panorama;61
pied;der Fuß;61
président;der Präsident;61
qui (à/de ~);wessen;61
rappeler (se remémorer);sich an jn/etwas erinnern an;61
regard;der Blick;61
riche;reich;61
signe;das Zeichen;61
souvenir;die Erinnerung;61
souvenir (se ~);sich erinnern;61
souvenir;die Erinnerung;61
souvenir (se ~);sich erinnern;61
toit;das Dach;61
toit panoramique;das Panoramadach;61
vert;grün;61
aborder;ansprechen;62
absolument;gar;62
ici (par ~);her;62
jamais;nie(mals);62
marguerite;die Margerite;62
œillet;die Nelke;62
oser;sich trauen;62
perce-neige;das Schneeglöckchen;62
pissenlit;der Löwenzahn;62
quoi (prép.);wo(r)- (+ prép.);62
risquer;wagen;62
rose;die Rose;62
tulipe;die Tulpe;62
y;hin;62
automate;der Automat;64
blog;das Blog;64
canicule;die Hitze;64
chaleur;die Hitze;64
chaud (très ~);heiß;64
cola;die Cola;64
compréhensif;verständnisvoll;64
compréhension;das Verständnis;64
congé canicule;Hitzefrei;64
d’abord;zuerst;64
degré;das Grad;64
direction (entreprise);das Management;64
distributeur automatique;der Bankautomat;64
droit;das Recht;64
e-mail;die E-Mail;64
informations;die Nachrichten;64
instant (à l’);eben / gerade;64
insupportable;unerträglich;64
personnellement;persönlich;64
sec;trocken;64
silence;die Stille;64
silencieux;still;64
supporter;ertragen;64
système;das System;64
supporter;ertragen;64
système;das System;64
système;das System;64
venir de;eben (+ v. passé);64
déraisonnable;unvernünftig;65
flots;in Strömen;65
France;Frankreich;65
grec;griechisch;65
île;die Insel;65
impossible;unmöglich;65
Italie;Italien;65
maisonnette;das Häuschen;65
malheur;das Unglück;65
nature;die Natur;65
plage de sable;der Sandstrand;65
possible;möglich;65
préférer (superlatif);am liebsten;65
raisonnable;vernünftig;65
rarement;selten;65
réalité;die Realität;65
réfléchir à;nach/denken (über);65
sable;der Sand;65
saison;die Jahreszeit;65
seau;"der Eimer ; der Kübel";65
tempête;der Sturm;65
travail;die Arbeit;65
vivre (un événement);erleben;65
y (direction);dahin;65
achever;fertig machen;66
ancien;alt;66
curiosité touristique;die Sehenswürdigkeit;66
descendre (lit, bus, train);aus dem Bett / Bus / Zug steigen;66
dimanche (le ~ / tous les ~);sonntags;66
escalader;auf einen Berg steigen;66
excursion;der Ausflug;66
fatigant;anstrengend;66
fermé;geschlossen;66
groupe;die Gruppe;66
groupe de voyage;die Reisegruppe;66
honnêtement;ehrlich;66
lac;der See;66
manifester (se ~);sich melden;66
matin au soir;von morgens bis abends;66
matin(s) (le/tous les ~);morgens;66
mer;die See / das Meer;66
mer du Nord;die Nordsee;66
montagne;der Berg;66
monter (augmenter);steigen;66
monter (dans bus/train);in den Bus / Zug steigen;66
motiver;motivieren;66
parti (être ~);unterwegs sein;66
plus (le ~);am meisten;66
prêt (fini, fait);"fertig ; bereit";66
prix (coût);der Preis;66
réseau (avoir du ~);der Empfang;66
route (être en ~);unterwegs sein;66
sincère;ehrlich;66
sincèrement;ehrlich;66
sommet;der Gipfel;66
suivant;folgende;66
suivant;folgende;66
terrain;das Gelände;66
tuer (sens figuré);fertig machen;66
à;über;67
Bavière;Bayern;67
château;das Schloss;67
cousin;der Cousin;67
cousine;die Cousine;67
féerique;märchenhaft;67
gratuitement;umsonst;67
haut (en ~);oben;67
là (jusque-/d’ici ~) (temporel);bis dahin;67
liste;die Liste;67
neige;der Schnee;67
neiger;schneien;67
Noël;Weihnachten;67
Pâques;Ostern;67
Pentecôte;Pfingsten;67
pour (compl. de tps);über (+ n. de fête, compl. de tps);67
rocher;der Felsen;67
semaine (fin de ~);das Wochenende;67
ski;der Ski;67
skier;Ski fahren;67
visiter;besichtigen / sich ansehen;67
vouloir parler de;meinen;67
assez;genug;68
bureau;das Büro;68
chef d’orchestre;der Dirigent;68
chercher (aller ~);holen;68
collaborateur;der Mitarbeiter;68
énerver (s’);sich aufregen;68
énerver (s’ contre);sich über jdn aufregen;68
ennuis;der Ärger;68
erreur;der Fehler;68
faute;der Fehler;68
humeur;die Laune;68
jambe;das Bein;68
luné (être ~);gut/schlecht gelaunt sein;68
passer (se);passieren;68
prix (lauréat);der Preis;68
se (p. réciproque dat.);sich;68
travailleur;der Arbeiter;68
violoniste;der Geiger;68
vite fait;kurz;68
auberge;die Herberge;69
auberge de jeunesse;die Jugendherberge;69
aucunement;keineswegs;69
campagne;auf dem Land;69
camping;das Camping;69
camping (terrain);der Campingplatz;69
contredire;widersprechen;69
déranger;stören;69
dîner;das Abendessen;69
endroit;die Stelle;69
épicerie;das Lebensmittelgeschäft;69
essence;tanken;69
excuser;entschuldigen;69
gîte;die Herberge;69
gueule;das Maul;69
heure (à cette ~);um die Uhrzeit;69
horaires;die Uhrzeit;69
librairie;die Buchhandlung;69
magasin ; das Geschäft ;69
moyen;das Mittel;69
"ne… que (pas plus tôt/tard ; pas avant)";erst;69
plus (en ~);außerdem;69
préparer;vor/bereiten;69
raviole;die Maultasche;69
sac;"die Tasche ; der Sack";69
souper;das Abendessen;69
Stuttgart;Stuttgart;69
supermarché;der Supermarkt;69
souper;das Abendessen;69
Stuttgart;Stuttgart;69
supermarché;der Supermarkt;69
un;eins;69
voisin;der Nachbar;69
proche (adj. qual.);nah;70
acide;sauer;71
agir (s’~ de);sich handeln um;71
aigre;sauer;71
contrat;der Auftrag;71
d’abord;erstmal;71
difficilement;schwer;71
écrire;schreiben;71
estomac;der Magen;71
garder (place/table);freihalten;71
important;wichtig;71
joindre;erreichen;71
partir (à ~ de);ab;71
plat (mets);das Gericht;71
plat du jour;das Tagesgericht;71
rôti;der Braten;71
roue;das Rad;71
si (question indirecte);ob;71
spécialité;die Spezialität;71
spécialité;die Spezialität;71
traduction;die Übersetzung;71
vélo;das Fahrrad / das Rad;71
vide;leer;71
allumer;anmachen / anschalten;72
billet;der Schein;72
billet de loterie;der Lotterieschein;72
carrière (faire ~);Karriere machen;72
chance (jour de ~);der Glückstag;72
descendre (véhicule);aussteigen;72
donc;bloß;72
finir son assiette;aufessen;72
finir son verre;austrinken;72
grasse matinée;ausschlafen;72
habiller (qqn);jdn anziehen;72
habiller (s’);sich anziehen;72
lecteur;der Leser;72
lève-tard;der Spätaufsteher;72
lève-tôt;der Frühaufsteher;72
loisirs;das Hobby;72
lumière;das Licht;72
mi-temps (à ~);halbtags;72
ouvrir;aufmachen / öffnen;72
raccrocher (téléphone);auf/legen;72
réveil;der Wecker;72
rêver;träumen;72
sentir;"spüren ; riechen";72
sortir (tirer);heraus/ziehen;72
sortir (publier);heraus/geben;72
sortir (tirer);herausziehen;72
sortir (publier);herausgeben;72
voix;die Stimme;72
auteur;der Autor;73
avantage;der Vorteil;73
beaucoup de choses;vieles;73
carte;die Karte;73
ce que;was;73
celui/celle/ceux;derjenige/diejenige/dasjenige;73
cependant;allerdings;73
certaines;manche;73
chose;die Sache;73
compréhensible;verständlich;73
conclusion;der Schluss;73
conversation;das Gespräch;73
conversation courante;das Alltagsgespräch;73
dictionnaire;das Wörterbuch;73
entrée (dictionnaire);das Stichwort;73
exprimer;ausdrücken;73
formuler;formulieren;73
grave;schlimm;73
important (le plus);Hauptsache;73
linguiste;der Sprachwissenschaftler;73
locuteur natif;der Muttersprachler;73
orthographier;rechtschreiben;73
panique;die Panik;73
perdre;verlieren;73
phrase;der Satz;73
principal (le ~) (l’essentiel);Hauptsache;73
quotidien;der Alltag;73
renommé;angesehen;73
scientifique;der Wissenschaftler;73
signification;die Bedeutung;73
surtout;vor allem;73
surtout;vor allem;73
surtout;vor allem;73
terme;der Begriff;73
version originale (en);im Original;73
appuyer;drücken;74
argent (métal);das Silber;74
cadeau;das Geschenk;74
calculer;berechnen;74
calorie;die Kalorie;74
dépense;der Verbrauch;74
dépense calorique;der Kalorienverbrauch;74
dépenser;ausgeben;74
design;das Design;74
diamant;der Diamant;74
fer;das Eisen;74
fin (adj.);fein;74
fonctionner;bedienen;74
frontière;die Grenze;74
idée (représentation/image);die Vorstellung;74
juste (adapté);richtig;74
mariage;die Hochzeit;74
modèle;das Modell;74
montre;die Uhr;74
noces d’argent;die Silberhochzeit;74
noces d’or;die Goldhochzeit;74
noces de diamant;die Diamanthochzeit;74
obtenir;erhalten;74
occasion (événement);der Anlass;74
or;das Gold;74
précis;genau;74
regarder (avec attention/intérêt);sich etw. an/sehen;74
serrer;drücken;74
siège;der Sitz;74
siège (auto);der Autositz;74
suffire;reichen;74
suffire;reichen;74
taxe;die Steuer;74
touche (clavier);die Taste;74
après (adv.);danach;75
automne;der Herbst;75
avant (adv.);davor;75
bord (à ~);an Bord;75
côté (à ~);daneben;75
dedans;drinnen;75
dehors;draußen;75
déménager;umziehen;75
départ;die Abreise;75
derrière;dahinter;75
devant (adv.);davor;75
différence;der Unterschied;75
hiver;der Winter;75
passager;der Passagier;75
passé;die Vergangenheit;75
printemps;der Frühling;75
vêtements;die Kleidung;75
café au lait;der Milchkaffee;76
candidat;der Kandidat;76
candidate;die Kandidatin;76
chef;der Leiter;76
coquille;die Schale;76
directeur RH;der Personalleiter;76
énervé;aufgeregt;76
énerver;ärgern;76
entretien;das Gespräch;76
entretien d’embauche;das Vorstellungsgespräch;76
exercice;die Aufgabe;76
facile;leicht;76
facilement;leicht;76
impressionner;beeindrucken;76
jeter;schmeißen;76
lait;die Milch;76
lancer;werfen;76
léger;leicht;76
légèrement;leicht;76
marcher (bien/mal);gut/schlecht laufen;76
passer (bien/mal se ~);gut/schlecht laufen;76
présentation;die Vorstellung;76
saucisse;die Wurst;76
saucisse grillée;die Bratwurst;76
sauf (excepté / à part);außer (+ dat.);76
tâche;die Aufgabe;76
abréviation;die Abkürzung;78
actuel;jetzig;78
après que;nachdem;78
aujourd’hui (d’~);heutig;78
capitale;die Hauptstadt;78
construire;bauen;78
coucher (se ~);untergehen;78
date;das Datum;78
divertissement;der Spaß;78
diviser;teilen;78
division;die Teilung;78
État;der Staat;78
guerre;der Krieg;78
histoire;die Geschichte;78
Lune;der Mond;78
officiel;offiziell;78
République démocratique allemande (RDA);die Deutsche Demokratische Republik;78
République fédérale d’Allemagne (RFA);die Bundesrepublik Deutschland (ab. BRD);78
réunification;die Wiedervereinigung;78
savoir (n.);das Wissen;78
siècle;das Jahrhundert;78
unité;die Einheit;78
ville;die Stadt;78
bus;der Bus;79
communication;die Kommunikation;79
communication (moyen de ~);das Kommunikationsmittel;79
extra-terrestre;der Außerirdische;79
frontières (sans ~);grenzenlos;79
gars;Jungs;79
impression;der Eindruck;79
machin ; das Ding ;79
métro;die U-Bahn;79
métropolitain;die Untergrundbahn;79
mobile (adj.);mobil;79
observer;beobachten;79
offrir (permettre);bieten;79
partout;überall;79
planète;der Planet;79
plutôt;eher;79
positif (n.);das Positive;79
singe;der Affe;79
technique;die Technik;79
terre;die Erde;79
terrestre;irdisch;79
tramway;die Straßenbahn;79
viande;das Fleisch;79
viande (sans);fleischlos;79
audacieux;gewagt;80
branche;der Zweig;80
candidature;die Bewerbung;80
carnaval;der Fasching;80
carrière;die Karriere;80
coin;die Ecke;80
commencer;starten;80
documents;die Unterlagen;80
dossier de candidature;die Bewerbungsunterlagen;80
étage;der Stock;80
filiale;die Zweigstelle;80
hésiter;zögern;80
mentalité;die Mentalität;80
poli;höflich;80
politesse;die Höflichkeit;80
ponctuel;pünktlich;80
précisément;gerade;80
prétentions salariales;die Gehaltsvorstellungen;80
profil;das Profil;80
prometteur;vielversprechend;80
retard;die Verspätung;80
retourner (se ~);sich um/drehen;80
roi;der König;80
sans (+ inf.);ohne zu (+ inf.);80
sans que;ohne dass;80
situation;die Situation;80
succès;der Erfolg;80
succès;der Erfolg;80
tâche (travail);die Arbeit;80
vendeur;der Verkäufer;80
aussi bien… que;sowohl… als auch;81
céréales;das Getreide;81
composer;komponieren;81
compositeur;der Komponist;81
composition;das Komponieren;81
concert;das Konzert;81
conseil;der Tipp;81
cour princière;der Fürstenhof;81
cours de musique;der Musikunterricht;81
dettes;die Schulden;81
deviner;erraten;81
enfant prodige;das Wunderkind;81
ensemble;gemeinsam;81
époque;die Zeit;81
flûte;die Flöte;81
Flûte enchantée;die Zauberflöte;81
gagner (argent);verdienen;81
gaspilleur;verschwenderisch;81
maison natale;das Geburtshaus;81
musique;die Musik;81
œuvre;das Werk;81
opéra;die Oper;81
parmi;darunter;81
pauvre;arm;81
pauvreté;die Armut;81
prince;der Fürst;81
profiter de;nutzen;81
ruelle;die Gasse;81
Salzbourg;Salzburg;81
tout (en tout);insgesamt;81
apprenti;der Geselle;82
biscuit;das Plätzchen;82
botte;der Stiefel;82
boulanger;der Bäcker;82
boulanger (apprenti);der Bäckergeselle;82
boulanger (maître);der Bäckermeister;82
boulangerie;die Bäckerei;82
chauffer;erhitzen;82
compte à rebours;der Countdown;82
contrôler;überprüfen;82
disputer (se ~);streiten;82
four;der Ofen;82
four (de cuisine);der Backofen;82
friandises;die Süßigkeiten;82
lourd;schwer;82
maître (contremaître);der Meister;82
ne… (plus) que;nur noch;82
note (scolaire);die Note;82
pâte;der Teig;82
pendant que;während;82
recommencer;wieder los/gehen;82
réjouir (se ~ de qqch. à venir);sich freuen auf;82
réjouir (se ~ de qqch. qui a eu lieu);sich freuen über;82
saint Nicolas;der Nikolaus;82
soulever;heben;82
soulever;heben;82
tour (être au tour de);dran kommen / dran sein;82
à cause de;durch;83
accompagner;begleiten;83
amende;das Bußgeld;83
changement;der Wechsel;83
entrer;reinkommen;83
espérons que;hoffentlich;83
grâce à;durch;83
inclus;inbegriffen;83
lequel (p. int.);welch-;83
mers du Sud;die Südsee;83
mieux (il y a ~);es gibt Besseres;83
opération;die Operation;83
papier peint;die Tapete;83
pénitence;die Buße;83
pire (il y a ~);es gibt Schlimmeres;83
point;der Punkt;83
prendre (attraper);erwischen;83
rouge (passer au ~);über Rot fahren;83
sauver;retten;83
train (être en train de + inf.);beim;83
urgence (d’);dringend;83
visage;das Gesicht;83
afin que;damit;85
battre (au jeu);schlagen;85
cape;das Cape;85
cape de pluie;das Regencape;85
dicton;das Sprichwort;85
exercice (physique);die Bewegung;85
fleuve;der Fluss;85
fort (bruyant);laut;85
frapper;schlagen;85
giboulées de mars;das Aprilwetter;85
irrésistible;unwiderstehlich;85
lieu (au ~ de);anstatt;85
lieu (au ~ que);anstatt dass;85
long (le ~ de);entlang;85
nourriture;das Essen;85
nuire;schaden;85
particulièrement;besonders;85
partir (pouvoir);loskommen;85
piste cyclable;der Radweg;85
pourquoi (dans quel but);wozu;85
voix (à haute);laut;85
bouteille;die Flasche;86
chanson;das Lied;86
cuillère;der Löffel;86
cuillère (petite);der Teelöffel;86
cure;die Kur;86
dessin;das Bild;86
détail;die Kleinigkeit;86
hôte (amphitryon);der Gast;86
hôte (invité);der Gast;86
hypocalorique;kalorienarm;86
inattendu;unerwartet;86
manomètre;das Manometer;86
manquer;fehlen;86
manquer (à qqn);jdn vermissen;86
oncle;der Onkel;86
passer (tendre);herüberreichen / überreichen;86
poivre;der Pfeffer;86
schnaps;der Schnaps;86
sel;das Salz;86
sentir (odeur);riechen;86
sucre;der Zucker;86
sucre;der Zucker;86
tableau;das Bild;86
action;die Tat;87
arrivée;die Ankunft;87
atteindre;erreichen;87
attendre (s’ à);rechnen mit;87
avoir lieu;stattfinden;87
battre (se ~);kämpfen;87
battre (se ~ pour);kämpfen (für);87
carnaval;die Fasnacht;87
carnaval;die Fastnacht;87
cas (en ~ de);bei;87
centaine de milliers;das Hunderttausend;87
clamer;rufen;87
Cologne;Köln;87
dangereux;gefährlich;87
dédommagement;die Entschädigung;87
défilé;der Umzug;87
Düsseldorf;Düsseldorf;87
élève (fille);die Schülerin;87
élève (garçon);der Schüler;87
environnement;die Umwelt;87
Europe du Nord;Nordeuropa;87
exiger;verlangen;87
fermer;schließen;87
groupe (entreprise);der Konzern;87
mais (au contraire);sondern;87
Mayence;Mainz;87
mieux... mieux;je besser ... desto / umso besser;87
millier;das Tausend;87
moins… moins;je weniger … desto / umso weniger;87
plus… plus…;je + cp. desto/umso + cp.;87
point culminant;der Höhepunkt;87
rhénan;rheinisch;87
solide;fest;87
train grandes lignes;der Fernzug;87
voyageur;der Reisende;87
adresse;die Adresse;88
allécher;anlocken;88
arriver à qqun;jdm vorkommen;88
attraper;fangen;88
bec;der Schnabel;88
bois (forêt);der Wald;88
chant;der Gesang;88
corbeau;der Rabe;88
discours;die Rede;88
doute;der Zweifel;88
écouter qch;hören;88
écouter qqun;auf jdn hören;88
leçon (enseignement);die Lehre;88
maître;der Meister;88
odeur;der Geruch;88
peu (à ~ près);etwa;88
phénix;der Phönix;88
pleurer;weinen;88
plumage;das Gefieder;88
proie;die Beute;88
renard;der Fuchs;88
retenir qqch. (mémoire);sich etwas merken;88
rire;lachen;88
saisir;schnappen;88
serment;der Schwur;88
sourire;lächeln;88
sourire;lächeln;88
valoir qqch.;etw. + acc. wert sein;88
bien que;obwohl;89
boîte de nuit;die Disko;89
cinéma;das Kino;89
d’accord;einverstanden;89
États-Unis;die Vereinigten Staaten;89
football;der Fußball;89
jouer;spielen;89
loin;weit;89
lunettes;die Brille;89
malade (adj.);krank;89
parfois;manchmal;89
piscine;das Schwimmbad;89
pourquoi (c’est ~);deshalb;89
quitter;verlassen;89
répéter;wiederholen;89
retour (de ~);zurück;89
retrouver;wieder/finden;89
revoir;wieder/sehen;89
sport;der Sport;89
sportif;sportlich;89
sport;der Sport;89
sportif;sportlich;89
tennis;das Tennis;89
théâtre;das Theater;89
travers (aller de);schief gehen / schief laufen;89
adapté (à);geeignet (für);90
appareil;das Gerät;90
celui qui;wer;90
cheveux;das Haar;90
demi-tour (faire ~);umdrehen;90
doux;süß;90
effet (faire ~);wirken;90
énergie;die Energie;90
fin (adj.);dünn;90
force;die Kraft;90
forme (en ~);fit;90
garantir;garantieren;90
gras;fettig;90
jus;der Saft;90
jus de fruits;der Obstsaft;90
lavage;das Waschen;90
matelas;die Matratze;90
méthode;die Methode;90
pourtant;trotzdem;90
renoncer à;verzichten auf;90
satisfait;zufrieden;90
satisfait (de);zufrieden (mit);90
sucré;süß;90
sucré;süß;90
tache;der Fleck;90
tendre;zart;90
tour de main (en un);im Handumdrehen;90
transformer (édifice);umbauen;90
vitamine;das Vitamin;90
allumer (s’);angehen;92
armoire;der Schrank;92
bon marché;billig;92
éteindre (s’);ausgehen;92
foutu;futsch;92
journal;die Zeitung;92
lave-linge;die Waschmaschine;92
laver;waschen;92
laver (vaisselle);spülen;92
lave-vaisselle;die Spülmaschine;92
machine ; die Maschine ;92
merde;die Scheiße;92
mien(s)/mienne(s);meiner / meine / meins;92
n’importe;irgend-;92
n’importe quand;irgendwann;92
n’importe quel/le;irgendeine/r;92
n’importe qui;irgendwer;92
quelconque (un/e ~);irgendein/e;92
rafraîchir;kühlen;92
réfrigérateur;der Kühlschrank;92
réparation;die Reparatur;92
tien(s)/tienne(s);deiner / deine / deins;92
chaussure;der Schuh;93
ciel;der Himmel;93
couteau;das Messer;93
créer;erstellen;93
étonné (être);staunen;93
fourchette;die Gabel;93
frères et sœurs;die Geschwister;93
gros;dick;93
interdiction;das Verbot;93
légumes;das Gemüse;93
lettre (courrier);der Brief;93
mettre la table;den Tisch decken;93
non seulement… mais aussi;nicht nur… sondern auch;93
poser (de côté);weg/legen;93
sonner;klingeln;93
sonner;klingeln;93
train (être en train de);gerade;93
valoir;gelten;93
venir de + inf.;gerade (+ v. au parfait);93
visite (invités);der Besuch;93
visite (rendre);besuchen;93
arriver (événement);passieren;94
bête (adj.);dumm;94
comme (étant donné que);da;94
dès que;sobald;94
disputer (se ~ avec);sich mit jdm streiten;94
échouer;durchfallen;94
étudier;studieren;94
examen;die Prüfung;94
examen de conduite;die Fahrprüfung;94
examinateur;der Prüfer;94
fenêtre;das Fenster;94
gentil;lieb;94
heure de conduite;die Fahrstunde;94
inspecteur du permis;der Fahrprüfer;94
journal intime;das Tagebuch;94
lire (en entier);durchlesen;94
méchant;böse;94
même(s) (le/la/les ~);derselbe / dieselbe / dasselbe / dieselben;94
montrer;zeigen;94
nerveux;nervös;94
pantalon;die Hose;94
plus de;über;94
refléter (se ~);sich wider/spiegeln;94
slip;der Slip;94
toilettes;das Klo / die Toilette;94
tomber;fallen;94
arrêter;aufhören;95
canapé;das Sofa;95
chaise;der Stuhl;95
correctement;richtig;95
docteur (médecin);der Doktor;95
docteur (titre);Doktor;95
entre-temps;inzwischen;95
fauteuil;der Sessel;95
grammaire;die Grammatik;95
lampe;die Lampe;95
lire (à haute voix);vorlesen;95
placer;aufstellen;95
projecteur;der Projektor;95
récompense;die Belohnung;95
récréation;die Pause;95
sol;der Boden;95
toilettes (aller aux);auf die Toilette gehen;95
à;bei;96
absolument;überhaupt;96
autonome;selbständig;96
café (établissement);das Café;96
circulation;der Verkehr;96
compte (se mettre à son ~);sich selbständig machen;96
démission;die Kündigung;96
dépendre de;abhängen von;96
en train de;beim;96
journée;sich den Tag frei nehmen;96
licenciement;die Kündigung;96
licencier;kündigen;96
marcher (fonctionner);klappen;96
négatif;negativ;96
poste (bureau de ~ ou poste);die Post;96
prudent;vorsichtig;96
soigneusement;sorgfältig;96
solution;die Lösung;96
triste;traurig;96
volonté;der Wille;96
vouloir dire (par là);damit meinen;96
académie;die Akademie;97
Académie des beaux-arts;die Kunstakademie;97
amusant;Spaß machen;97
amuser;Spaß machen;97
art;die Kunst;97
colocataire;die Mitbewohnerin;97
étudiant;der Student;97
gestion;die Verwaltung;97
habitante;die Bewohnerin;97
page web;die Internetseite;97
présenter;vor/stellen;97
saluer (bienvenue);begrüßen;97
saluer (bonjour);grüßen;97
spectacle;die Vorstellung;97
spectacle;die Vorstellung;97
surfer;surfen;97
assidûment;fleißig;99
avant-dernier;vorletzte;99
bien sûr;selbstverständlich;99
chambre d’hôtel;das Hotelzimmer;99
collègue;der Kollege;99
connaissances;die Kenntnisse;99
courses (faire les ~);einkaufen gehen;99
dentiste;der Zahnarzt;99
export;der Export;99
faux;falsch;99
finir (pour);zum Schluss;99
garage;die Werkstatt;99
inviter à boire;auf ein Bier / Kaffee einladen;99
rendez-vous (avoir ~ avec qqn);mit jdm verabredet sein;99
réussir;schaffen;99
rouillé;eingerostet;99
texte;der Text;99
traduire (en…);auf übersetzen;99
air;die Luft;100
air marin;die Meeresluft;100
ambiance;die Stimmung;100
approfondir;vertiefen;100
Autriche;Österreich;100
congé (prendre ~);Abschied nehmen;100
culture;die Kultur;100
difficile;schwierig;100
difficile (le plus);das Schwierigste;100
diversité;die Vielfalt;100
enchanteur;stimmungsvoll;100
festival;die Festspiele;100
frais;frisch;100
jeu;das Spiel;100
marché de Noël;der Weihnachtsmarkt;100
mer Baltique;die Ostsee;100
motivé;motiviert;100
penser (qqch. de qqch.);etw. von etw. halten;100
réviser;wiederholen;100
société;die Gesellschaft;100
thème;das Thema;100
travailler (continuer à);weiterarbeiten;100